wait_time_outside,wait_time_inside,wait_time_wt,wait_time_rt,wait_time_cam,wait_time_clk,wait_time_csh,wait_time_total,total_arrivals,total_fails,avg_num_line_checkin_inside,max_num_line_checkin_inside,avg_num_line_checkin_outside,max_num_line_checkin_outside,avg_num_line_camera,max_num_line_camera,avg_num_line_clerk,max_num_line_clerk,avg_num_line_roadtest,max_num_line_roadtest,avg_num_line_writtentest,max_num_line_writtentest,avg_num_line_cashier,max_num_line_cashier,system_empty
1.1365881460561809,0.2088673727778592,0.0025293332938278222,0.2136035438796744,0.039071484342766145,0.0009691560370993366,0.006048142202432533,1.7010855264398177,1361.0,444.0,2.8426849435066632,25.0,15.168402879134948,245.0,0.10471157803861328,8.0,0.006648410414501448,6.0,0.3054530677479343,11.0,0.013481346456102293,6.0,0.07644851743874721,10.0,13.194515741192435
5.46466626376709,0.20083150011847783,0.0018601472784862696,0.047524736785771966,0.07454102517762648,0.004259378595333124,0.005575227714910139,6.009645124659387,1351.0,475.0,2.7132335666006355,25.0,12.532389802993823,214.0,0.20647863974202535,13.0,0.02892118066231191,8.0,0.07556433148937743,7.0,0.009393743756355662,5.0,0.06974609871352584,9.0,13.375881716515494
9.202103440479135,0.20382236199866124,0.0027724344496921753,0.2966045846627103,0.023811301497989264,0.0011017194030954313,0.007004323838183275,9.768994708272594,1371.0,471.0,2.7944045830016457,25.0,11.88071797836815,214.0,0.05595655852027477,7.0,0.007414571582832252,4.0,0.43600873945418417,11.0,0.014860248650350062,5.0,0.08881482626816392,11.0,12.803544160998939
11.029061223990212,0.20996240733351051,0.0026844765062872746,0.5900765399140617,0.03422619849496713,0.01337512720416881,0.006725353745171761,11.64027586318443,1425.0,500.0,2.991964304502525,25.0,21.91345589011867,304.0,0.08488097226751848,9.0,0.09416089551734842,17.0,1.0267331794504675,23.0,0.0145767074291399,4.0,0.08884192297371897,11.0,13.60278064105961
15.18131139668209,0.2093076243573138,0.00011793980704532183,0.2013426262699362,0.017728766884458805,0.0022956794936163176,0.004731107620673574,15.739051909638937,1306.0,454.0,2.733557574106518,25.0,10.035303890235502,197.0,0.041308026840789006,5.0,0.01453165119459129,6.0,0.3161079232437999,11.0,0.0005979548217197816,1.0,0.05719909113394351,10.0,12.32107367242429
